Email Address,First Name,Last Name,Company
amara.okonkwo@northline.example,Amara,Okonkwo,"Bright Harbour, Ltd"
zoë.müller@northline.example,Zoë,Müller,Nordwind GmbH
josé.álvarez@northline.example,José,Álvarez,Estudio Sur
Priya.Raman@Northline.example,Priya,Raman,Fieldnote Co
tom+news@northline.example,Tom,Ellery,Ellery & Sons
siobhan.o'brien@northline.example,Siobhan,O'Brien,Harbour Press
anna-lise.johansen@northline.example,Anna-Lise,Johansen,Fjord Media
mei.lin@northline.example,Mei,Lin,
kwame.mensah@northline.example,Kwame,Mensah,Accra Digital
rosalind.park-thorne@northline.example,Rosalind,Park-Thorne,"Park, Thorne & Co"
